USER_SESSION_ID,snippets,kotzbox,guess_hypothesis,issues
411cb6f890f74876bba08fb8a7d59b82,"['codestructure.semantic.single.html', 'countchildren.semantic.normal.html', 'readini.semantic.abbrev.html', 'parsequerystring.syntactic.single.html', 'concatlists.syntactic.normal.html', 'histogram.syntactic.abbrev.html']","langweilig, triviale probleme, waren alle schnell und einfach zu lÃ¶sen, bissel anspruchsvoller bitte","oben in der url steht psychologie, deshalb irgendwas mit tieren","dauernd, nein"
9de567008b7444dea2e0fec3a80cbd5c,"['histogram.semantic.normal.html', 'parsequerystring.semantic.abbrev.html', 'concatlists.semantic.single.html', 'readini.syntactic.normal.html', 'countchildren.syntactic.abbrev.html', 'codestructure.syntactic.single.html']","Zu 15. Haben Sie alle Aufgaben ernsthaft beantwortet, oder wollten Sie nur mal gucken?
Eigentlich wollte ich ""nur mal gucken"". Als Nicht-C#-Programmierer wusste ich nicht ob das Ã¼berhaupt was fÃ¼r mich ist, war aber einfach zu neugierig...
Dann hab ich gleich bei der ersten Aufgabe ein Erfolgserlebnis gehabt und konnte ja auch alles andere lÃ¶sen :) (Okay bis auf den einen Zusatzversuch bei der Syntax-Aufgabe C)

Ansonsten sehr nette Studie, was auch immer genau untersucht wird :) Sehr schÃ¶nes Tool, ausreichend und gute EinfÃ¼hrung und ErklÃ¤rungen.
TatsÃ¤chlich wurde aus meinem: ""Hey Code und Psychologie in einer URL, das sieht interessant aus, mal draufklicken"" ein: ""Okay ich verlÃ¤ngere meine Kaffeepause und arbeite das wirklich durch.""","Ich vermute das aus dem Tool bei genÃ¼gend Probanden einige untersuchbare und auswertbare Daten herausfallen:
* Wichtigkeit von sauber strukturiertem und lesbaren Code fÃ¼r die Analyse durch Menschen.
* Auswirkung von Code-Kommentaren auÃŸerhalb des Sichtbereichs (wie oft haben die Probanden nach oben gescrollt um noch mal nachzulesen)
* Das ganze in Verbindung mit Erfahrung der Probanden in C# und anderen Sprachen (Statistikgedingse)
und vieles mehr...?",
a1f5b052bf2540dcaf5693aec331ed01,"['countchildren.semantic.normal.html', 'codestructure.semantic.single.html', 'readini.semantic.abbrev.html', 'parsequerystring.syntactic.normal.html', 'concatlists.syntactic.single.html', 'histogram.syntactic.abbrev.html']",Die Variablennamen waren bisweilen katastrophal. Empathic Code geht anders!,"Die FÃ¤higkeit, an einer Online-Umfrage teilzunehmen. AuÃŸerdem die Auswirkungen der QualitÃ¤t von Bezeichnern auf die Lesbarkeit und VerstÃ¤ndlichkeit von Code.",
7140e75721074680a24636577baa4c2c,"['parsequerystring.semantic.abbrev.html', 'concatlists.semantic.single.html', 'histogram.semantic.normal.html', 'readini.syntactic.single.html', 'countchildren.syntactic.abbrev.html', 'codestructure.syntactic.normal.html']",Awesome! Weiter so und viel Erfolg mit der BA!,Wie wir Code lesen und verstehen und was sich bzgl. der FehleranfÃ¤lligkeit von Code daraus ergibt.,
3be5a6f61b1741e5bda3bc773036d5d8,"['readini.semantic.normal.html', 'codestructure.semantic.abbrev.html', 'countchildren.semantic.single.html', 'concatlists.syntactic.abbrev.html', 'parsequerystring.syntactic.single.html', 'histogram.syntactic.normal.html']",,Lesbarkeit,
0ba6d88b74f04445941144bfc0fa222d,"['countchildren.semantic.single.html', 'readini.semantic.normal.html', 'codestructure.semantic.abbrev.html', 'histogram.syntactic.abbrev.html', 'parsequerystring.syntactic.single.html', 'concatlists.syntactic.normal.html']",,"Die Auswirkung von CodequalitÃ¤t auf die Lesbarkeit, sowohl semantisch als syntaktisch.",
00b7d4aba419442ba0f98b006d885575,"['readini.semantic.normal.html', 'codestructure.semantic.single.html', 'countchildren.semantic.abbrev.html', 'concatlists.syntactic.abbrev.html', 'histogram.syntactic.single.html', 'parsequerystring.syntactic.normal.html']",,Lesbarkeit von Code,
e3d36e7a919a42d4859dae9722239bda,"['countchildren.semantic.single.html', 'readini.semantic.abbrev.html', 'codestructure.semantic.normal.html', 'parsequerystring.syntactic.single.html', 'histogram.syntactic.abbrev.html', 'concatlists.syntactic.normal.html']",,Wie schnell Leute mit und ohne Erfahrung Fehler im Code finden. Also wie sehr Erfahrung und Talent in der Entwicklung wirken.,Nein
be1b3b6aa0f2481cb47a38d935c9d5f0,"['codestructure.semantic.normal.html', 'countchildren.semantic.single.html', 'readini.semantic.abbrev.html', 'histogram.syntactic.normal.html', 'parsequerystring.syntactic.abbrev.html', 'concatlists.syntactic.single.html']",,Mentales Mapping von Variablennamen auf deren Bedeutung. Wieviel Kontext kann eine Person auf einmal erfassen.,
42efb260aa64492d9423adcbc860eafe,"['readini.semantic.single.html', 'countchildren.semantic.abbrev.html', 'codestructure.semantic.normal.html', 'parsequerystring.syntactic.single.html', 'concatlists.syntactic.abbrev.html', 'histogram.syntactic.normal.html']",,"Es wurde untersucht, wie der Entwickler Fehler im Quelltext findet. Manche Fehlern sind schwer zu finden, anderer einfacher. Aber auch wie die Fehlersuche gemacht wird ist ein groÃŸer Punkt (hin un her schieben der Klappe, um den Quelltext zu verstehen zum Beispiel.

Weil, sehr wichtig, um den Fehler zu finden, muss man vorher den Quelltext verstehen (Was es tut, wie es funktioniert und welches Ablauf hat es)",
fb42e2ec502b42df9a937df5d3964d8d,"['readini.semantic.single.html', 'codestructure.semantic.abbrev.html', 'countchildren.semantic.normal.html', 'histogram.syntactic.single.html', 'concatlists.syntactic.abbrev.html', 'parsequerystring.syntactic.normal.html']","Hat SpaÃŸ gemacht, gerne wieder! Das Ganze kÃ¶nnte sich (mit anderen Code-Beispielen) auch als Challenge vermarkten lassen ;)","HauptsÃ¤chlich wurde wohl untersucht, welchen Einfluss die Benennung von Variablen auf die VerstÃ¤ndlichkeit des Codes hat.",
f8b3fd416fa2463f867ae66631bd3ad5,"['codestructure.semantic.normal.html', 'countchildren.semantic.abbrev.html', 'readini.semantic.single.html', 'parsequerystring.syntactic.normal.html', 'histogram.syntactic.abbrev.html', 'concatlists.syntactic.single.html']",Sehr sehr schÃ¶n gemacht.,Zusammenhang Lesbarkeit von Variablen und Geschwindigkeit des Fehlerfindes,Einmal: bei ZurÃ¼ckZumCode ging danach Space erst das dritte oder vierte mal
5349d110076847cdac428f7e3e61e494,"['countchildren.semantic.abbrev.html', 'codestructure.semantic.single.html', 'readini.semantic.normal.html', 'concatlists.syntactic.single.html', 'parsequerystring.syntactic.normal.html', 'histogram.syntactic.abbrev.html']",,Cleancode,
87d7f6da24bf4ddc81154f0f3423c99f,"['readini.semantic.normal.html', 'countchildren.semantic.single.html', 'codestructure.semantic.abbrev.html', 'histogram.syntactic.single.html', 'concatlists.syntactic.normal.html', 'parsequerystring.syntactic.abbrev.html']",Hypothese optional machen,-,
57d839891d0a4f5ea8ec2b1b08abaaae,"['codestructure.semantic.abbrev.html', 'readini.semantic.single.html', 'countchildren.semantic.normal.html', 'histogram.syntactic.single.html', 'parsequerystring.syntactic.abbrev.html', 'concatlists.syntactic.normal.html']","Ich habe die nicht gelÃ¶ste Aufgabe am Schluss sogar abgeschrieben. Was soll der Fehler sein?


		public static Dictionary<string, string> Prs(string qst)
		{
			string[] pts = qst.Split('&');
			var qry = new Dictionary<string, string>();

			foreach (string prt in pts)
			{
				string[] stt = prt.Split('=');
				string prm = stt[0];
				string pmt = stt[1];

				qry.Add(prm, pmt);
			}

			return qry;
		}","Ich denke, die Verwendung sinnvoller Variablennamen war auf jeden Fall ein Thema hier. Die Leserlichkeit weniger Zeilen Code um den Zusammenhang zu verstehen war vielleicht auch Bestandteil.",
724b59f61e234fc6ac01dcac8458f280,"['readini.semantic.abbrev.html', 'codestructure.semantic.single.html', 'countchildren.semantic.normal.html', 'parsequerystring.syntactic.single.html', 'histogram.syntactic.normal.html', 'concatlists.syntactic.abbrev.html']",,"Hier wurde untersucht, wie einfach/schwierig es ist, Fehler zu finden, wenn die Namen der verwendeten Variablen bewusst ""kryptisch"" sind und jeweils nur kleine Sinnabschnitte sichtbar sind, so dass gerade verborgene Information ""im Hinterkopf"" behalten warden muss.",Nein.
6c63ccd6bf4140ec9e6eacef7759eec3,"['readini.semantic.single.html', 'codestructure.semantic.normal.html', 'countchildren.semantic.abbrev.html', 'parsequerystring.syntactic.abbrev.html', 'concatlists.syntactic.normal.html', 'histogram.syntactic.single.html']",,wie aufmerksam wird Quellcode gelesen,nein
5a235201bdc34ac7b7ef656c1814cda7,"['readini.semantic.abbrev.html', 'countchildren.semantic.normal.html', 'codestructure.semantic.single.html', 'histogram.syntactic.normal.html', 'concatlists.syntactic.single.html', 'parsequerystring.syntactic.abbrev.html']",,Wie sich die Benennung von Variablen / Methoden etc. auf die Lesbarkeit / Wartbarkeit von Code auswirkt.,
99e6e65f2e884c2797149661e60a53b3,"['countchildren.semantic.abbrev.html', 'readini.semantic.single.html', 'codestructure.semantic.normal.html', 'concatlists.syntactic.abbrev.html', 'parsequerystring.syntactic.normal.html', 'histogram.syntactic.single.html']",Viel Erfolg mit der Studie und viele GrÃ¼ÃŸe von Alex Susdorf!,Die AbhÃ¤ngigkeit der Lesbarkeit des Codes von Variablen- und Metodennamen.,"Nein,"
dfc5e16eab524e5a974516e180e91b70,"['codestructure.semantic.abbrev.html', 'readini.semantic.normal.html', 'countchildren.semantic.single.html', 'concatlists.syntactic.single.html', 'histogram.syntactic.abbrev.html', 'parsequerystring.syntactic.normal.html']","Die Seite ist super gemacht, Johannes.
Hut ab!","Ich denke, es geht darum Metriken zu finden, die die Analyse von Fehlern im Code zu vereinfachen.
Ich bin gespannt auf die Auswertung zum DevOpenSpace! :-)",Nein
793e10c95a9b409a8fe11d39457b75c1,"['codestructure.semantic.single.html', 'countchildren.semantic.abbrev.html', 'readini.semantic.normal.html', 'concatlists.syntactic.abbrev.html', 'histogram.syntactic.normal.html', 'parsequerystring.syntactic.single.html']","Nachdem SPACE gedrÃ¼ckt wurde, sollte das Feld zur Eingabe der Zeilennummer fokussiert werden. AuÃŸerdem sollte die Zeile auch per Klick auswÃ¤hlbar sein.
Ansonsten eine sehr ansprechende, freundliche UI - hat SpaÃŸ gemacht! ;-)",Haben verschiedene Codestile (vor allem sprechende Namen) Einfluss auf das Verhalten/den Ãœberblick des Entwicklers?,
0b81eaf7df8e42eaaebeb248b8ff1691,"['codestructure.semantic.abbrev.html', 'countchildren.semantic.normal.html', 'readini.semantic.single.html', 'concatlists.syntactic.normal.html', 'histogram.syntactic.single.html', 'parsequerystring.syntactic.abbrev.html']",Empathic code rulez :-),"Schnelle Erfassung/Fokusierung von Code
PrÃ¼fung KurzzeitgedÃ¤chnis anhand der ScrollhÃ¤ufigkeit",
28085f503a364fecbacf220dc34c8de7,"['countchildren.semantic.single.html', 'codestructure.semantic.abbrev.html', 'readini.semantic.normal.html', 'histogram.syntactic.abbrev.html', 'concatlists.syntactic.single.html', 'parsequerystring.syntactic.normal.html']",,-,
9651114c58eb4b6388d288ef0d6482d8,"['histogram.semantic.single.html', 'concatlists.semantic.normal.html', 'parsequerystring.semantic.abbrev.html', 'countchildren.syntactic.normal.html', 'codestructure.syntactic.abbrev.html', 'readini.syntactic.single.html']","Hi Johannes, bin mal auf die Auswertung gespannt. Hoffentlich beim Openspace in Karlsruhe.

GruÃŸ Stefan (CrazyRaisy)",Lesbarkeit von Code?,
b2e601f093aa4719afc310cb84cbeda1,"['countchildren.semantic.abbrev.html', 'codestructure.semantic.normal.html', 'readini.semantic.single.html', 'concatlists.syntactic.single.html', 'histogram.syntactic.normal.html', 'parsequerystring.syntactic.abbrev.html']","Spannende Studie, bin auf das Ergebnis gespannt.","Lesbarkeit von Code und die Auswirkung von Variablennamen auf die Wahrscheinlichkeit, Fehler zu finden.",Nein
e9b97f42564f491b82dae67664b52d1e,"['countchildren.semantic.normal.html', 'codestructure.semantic.abbrev.html', 'readini.semantic.single.html', 'parsequerystring.syntactic.normal.html', 'concatlists.syntactic.abbrev.html', 'histogram.syntactic.single.html']",Das Icon der Seite is ja mal verdammt sÃ¼ÃŸ! Mich wÃ¼rden die Variablen lÃ¤ngen im Kontext von Berechnungen/Wissenschaftlichem Code interessieren :),Die AbhÃ¤ngigkeit von der Zeit und Fehlergenauigkeit auf die Aussagekraft und LÃ¤nge von Variablennamen.,
95bec2483350474baed89ca83e410877,"['concatlists.semantic.abbrev.html', 'parsequerystring.semantic.normal.html', 'histogram.semantic.single.html', 'countchildren.syntactic.abbrev.html', 'readini.syntactic.normal.html', 'codestructure.syntactic.single.html']",,Das Verschieben des Sichtfeldes in Bezug auf das gesamte Codekonstrukt.,Nein.
53ab11ca61944adb8dda003934e9f48f,"['readini.semantic.normal.html', 'countchildren.semantic.abbrev.html', 'codestructure.semantic.single.html', 'histogram.syntactic.abbrev.html', 'parsequerystring.syntactic.normal.html', 'concatlists.syntactic.single.html']",,Die Bedeutung von bedeutungsvollen Variablennamen auf die lesbarkeit und verstÃ¤ndlichkeit von Code.,
50971075eb83460da5de1db4e1274c32,"['countchildren.semantic.single.html', 'codestructure.semantic.normal.html', 'readini.semantic.abbrev.html', 'histogram.syntactic.normal.html', 'concatlists.syntactic.abbrev.html', 'parsequerystring.syntactic.single.html']",,Weshalb man sprechende Namen verwenden sollte?,nein
2810c173dba347bc93c326ec21d35a53,"['parsequerystring.semantic.normal.html', 'concatlists.semantic.single.html', 'histogram.semantic.abbrev.html', 'countchildren.syntactic.single.html', 'codestructure.syntactic.normal.html', 'readini.syntactic.abbrev.html']",,Die Lesbarkeit und VerstÃ¤ndlichkeit des Quellcodes.,
d2c8b05698e9407fb61794470e36d026,"['concatlists.semantic.normal.html', 'parsequerystring.semantic.abbrev.html', 'histogram.semantic.single.html', 'codestructure.syntactic.normal.html', 'countchildren.syntactic.single.html', 'readini.syntactic.abbrev.html']",,"Es soll herausgefunden werden, ob es Muster beim Umgang mit Code zur Fehlerhebung gibt - die womÃ¶glich noch mit Erfahrung usw. korrelieren.",
b163ccefdf5a480f88fa102653cd5d3f,"['histogram.semantic.normal.html', 'concatlists.semantic.abbrev.html', 'parsequerystring.semantic.single.html', 'readini.syntactic.abbrev.html', 'countchildren.syntactic.single.html', 'codestructure.syntactic.normal.html']","In Abschnitt 4 habe ich eigentlich gar nicht auf die Variablennamen und deren Bedeutung geachtet, sondern nur verfolgt, welche Variable welchen Typ hat, und ob Operationen darauf kompilieren wÃ¼rden.",Der Einfluss Variablennamen auf die Lesbarkeit von Code - dank des gleitenden Sichtbereiches lÃ¤sst sich bestimmt toll quantifizieren wie oft der Blick gewandert ist um die Bedeutung von Variablen ins GedÃ¤chtnis zu rufen. Bei einer Folgestudie dann bitte eye-tracking devices fÃ¼r alle! ;-),
95992f0bc4de4027bb6926136bd0b955,"['histogram.semantic.abbrev.html', 'concatlists.semantic.normal.html', 'parsequerystring.semantic.single.html', 'readini.syntactic.normal.html', 'codestructure.syntactic.single.html', 'countchildren.syntactic.abbrev.html']",,AbhÃ¤ngigkeit der LÃ¶sungsdauer von der Klarheit der Bezeichner,
79ccccf38e4846acae075619a28ba44f,"['concatlists.semantic.normal.html', 'parsequerystring.semantic.single.html', 'histogram.semantic.abbrev.html', 'countchildren.syntactic.abbrev.html', 'codestructure.syntactic.normal.html', 'readini.syntactic.single.html']",,Lesbarkeit des Codes,Nein
8d6735d28cc34027a3b9368b97eced24,"['parsequerystring.semantic.abbrev.html', 'histogram.semantic.single.html', 'concatlists.semantic.normal.html', 'codestructure.syntactic.abbrev.html', 'countchildren.syntactic.single.html', 'readini.syntactic.normal.html']",,"Wie gut ich mich im Code zurecht finde, auch wenn schlechte Namen gewÃ¤hlt wurden.",
6184095bb30f4300bdde9900b3f62c0b,"['parsequerystring.semantic.normal.html', 'concatlists.semantic.abbrev.html', 'histogram.semantic.single.html', 'codestructure.syntactic.normal.html', 'countchildren.syntactic.abbrev.html', 'readini.syntactic.single.html']",Tolle Sache!,Einfluss von Kommentaren / Variablenbenennung auf das Code-VerstÃ¤ndnis,nein
e124ac59b9b34d9a80ab531271df50d0,"['concatlists.semantic.abbrev.html', 'histogram.semantic.normal.html', 'parsequerystring.semantic.single.html', 'readini.syntactic.abbrev.html', 'codestructure.syntactic.normal.html', 'countchildren.syntactic.single.html']","Im Syntaxteil: falsche Zuweisung/Verwendung von Typen kann man auch als Syntaxfehler ansehen - damit wÃ¤re der Test wesentlich schwieriger geworden (Ã¤hnlich Teil 1 wenn z.B. a[0] fÃ¼r ein nicht-array aufgetaucht wÃ¤re)

PersÃ¶nlich finde ich die Beispiele auch zu kurz und zu extrem um wirklich etwas aussagen zu kÃ¶nnen - aber was weiÃŸ ich schon von dem Zeugs ;)",ob gut gewÃ¤hlte Namen beim Coden helfen,"naja beim ersten Beispiel hÃ¤tte ich es als Fehler angesehen, dass scheinbar die beiden Teile als gleichlang vorausgesetzt werden - mÃ¶glicherweise habe ich einen etwaigen Kommentar Ã¼berlessen"
d72c3147ef054a93ba821880a97d910b,"['concatlists.semantic.abbrev.html', 'parsequerystring.semantic.single.html', 'histogram.semantic.normal.html', 'countchildren.syntactic.normal.html', 'codestructure.syntactic.single.html', 'readini.syntactic.abbrev.html']","c# ist eine relativ rÃ¼ckstÃ¤ndige Sprache, die generell nicht in Prosa verwandelt werden kann. VB.Net ist da wesentlich weiter entwickelt, damit kann man wirklich schÃ¶nen Code schreiben (den man auch wirklich laut vorlesen kann). Und darÃ¼ber hinaus werden Syntaxfehler (in VisualStudio) schon vor dem compilieren angezeigt (direkt nachdem man die Zeile fertig hat) - damit hÃ¤tte sich der letzte Teil des Tests erÃ¼brigt.",Ob es mit sprechenden Variablennamen einfacher ist Fehler zu finden.,
9c5d3cd1a4fe4b0094c5468fbc426e60,"['parsequerystring.semantic.single.html', 'histogram.semantic.normal.html', 'concatlists.semantic.abbrev.html', 'countchildren.syntactic.single.html', 'readini.syntactic.normal.html', 'codestructure.syntactic.abbrev.html']",Die Reihenfolge der Abarbeitung hat ebenso Einfluss. Bei der ersten Frage wird vermutlich mehr Zeit gebraucht.,Einfluss von sinnvollen Variablennamen auf die Dauer bis zur Beantwortung.,
04c8566f6ddf4e619b975390f556151d,"['parsequerystring.semantic.single.html', 'concatlists.semantic.abbrev.html', 'histogram.semantic.normal.html', 'codestructure.syntactic.single.html', 'countchildren.syntactic.abbrev.html', 'readini.syntactic.normal.html']",,Analytisches Denken,Nein
ebabc82ce5ce45728c9b646e7e706ed5,"['parsequerystring.semantic.single.html', 'histogram.semantic.abbrev.html', 'concatlists.semantic.normal.html', 'readini.syntactic.normal.html', 'codestructure.syntactic.abbrev.html', 'countchildren.syntactic.single.html']",,Wie oft man zurÃ¼ckblÃ¤ttern musste ...,Nein
35d452fb3f904f859ab50119684f0626,"['concatlists.semantic.single.html', 'parsequerystring.semantic.abbrev.html', 'histogram.semantic.normal.html', 'countchildren.syntactic.normal.html', 'readini.syntactic.abbrev.html', 'codestructure.syntactic.single.html']",,Lesbarkeit von Code bei Verwendung kryptischer bzw. unlogischer Variablenbezeichnern.,
111e089bbc894e30bcbe2ef30dc7a000,"['parsequerystring.semantic.abbrev.html', 'concatlists.semantic.normal.html', 'histogram.semantic.single.html', 'readini.syntactic.single.html', 'countchildren.syntactic.normal.html', 'codestructure.syntactic.abbrev.html']",,Bezeichnerbenamung.,
8986b0d83d714530a409a8ee004d42f9,"['parsequerystring.semantic.normal.html', 'histogram.semantic.single.html', 'concatlists.semantic.abbrev.html', 'readini.syntactic.normal.html', 'countchildren.syntactic.single.html', 'codestructure.syntactic.abbrev.html']",,Dauer des VerstÃ¤ndises zwichen gut und schlecht geschriebenen Code.,
cf07ba7018904d2bb8b2c68292e38ea7,"['parsequerystring.semantic.abbrev.html', 'histogram.semantic.normal.html', 'concatlists.semantic.single.html', 'readini.syntactic.abbrev.html', 'countchildren.syntactic.normal.html', 'codestructure.syntactic.single.html']",,Wahrnehmungsverhalten von Programmierern,nein
c7a43632f1de437785d9c48a1eb792f9,"['concatlists.semantic.single.html', 'parsequerystring.semantic.normal.html', 'histogram.semantic.abbrev.html', 'countchildren.syntactic.single.html', 'codestructure.syntactic.abbrev.html', 'readini.syntactic.normal.html']",Warum nennt man Methoden a und Parameter b?,Ist mir egal ich habe gerade ein schwieriges Problem und wollte etwas Gedanklichen abstand gewinnen durch den Teilnahme.,Nein
6ca65975dc4c4c639de22dcc264f4367,"['histogram.semantic.single.html', 'concatlists.semantic.abbrev.html', 'parsequerystring.semantic.normal.html', 'codestructure.syntactic.abbrev.html', 'readini.syntactic.normal.html', 'countchildren.syntactic.single.html']","Ich empfand es als etwas hinderlich, dass immer nur ein sehr kleiner Teil des Codes sichtbar war. Falls dies also als Hilfe gedacht ist, finde ich es nicht gelungen.
Wenn es dagegen fÃ¼r die Studie von Bedeutung ist, kann man natÃ¼rlich nichts dagegen sagen.","Wie Code aussehen muss, damit er leserlich ist (insbesondere die Namen von Bezeichnern)",
963755bee897486fad13e970fefa5bc2,"['parsequerystring.semantic.normal.html', 'histogram.semantic.abbrev.html', 'concatlists.semantic.single.html', 'readini.syntactic.single.html', 'codestructure.syntactic.normal.html', 'countchildren.syntactic.abbrev.html']",,-,nein
2289142f6fec41ff85bf3900b46184d6,"['concatlists.semantic.single.html', 'histogram.semantic.normal.html', 'parsequerystring.semantic.abbrev.html', 'codestructure.syntactic.single.html', 'readini.syntactic.normal.html', 'countchildren.syntactic.abbrev.html']",,Schnelligkeit des Findens von Fehlern bei unterschiedlich ausfÃ¼hrlich benannten Variablen.,
04b90f6230f942f39a3ac3dfc3bfe60b,"['codestructure.semantic.single.html', 'readini.semantic.abbrev.html', 'countchildren.semantic.normal.html', 'concatlists.syntactic.normal.html', 'histogram.syntactic.abbrev.html', 'parsequerystring.syntactic.single.html']",,"Wie gut kann man Anweisungen wahrnehmen, verstehen und umsetzten",
bea6e164109b414a816351c589783277,"['codestructure.semantic.normal.html', 'readini.semantic.single.html', 'countchildren.semantic.abbrev.html', 'histogram.syntactic.normal.html', 'parsequerystring.syntactic.single.html', 'concatlists.syntactic.abbrev.html']",,Lesbarkeit von Code im Bezug auf Naming von Variablen/Methoden,nein
4f5dc40a386d4094a7d2cbcb5c71fa32,"['codestructure.semantic.single.html', 'readini.semantic.normal.html', 'countchildren.semantic.abbrev.html', 'histogram.syntactic.single.html', 'parsequerystring.syntactic.normal.html', 'concatlists.syntactic.abbrev.html']",,"Wie immer bei den Psychologen: Das, wo ich Ã¼berhaupt nicht dran gedacht habe.",nein
4458c5d621cd4d28b71cc805a900fc3f,"['readini.semantic.abbrev.html', 'codestructure.semantic.normal.html', 'countchildren.semantic.single.html', 'parsequerystring.syntactic.abbrev.html', 'concatlists.syntactic.single.html', 'histogram.syntactic.normal.html']",Nach betÃ¤tigen der Leertaste den Tastatur-Fokus direkt auf das Eingabefeld fÃ¼r die Zeilennummer setzen. (IE 10.0),Codelesbarkeit,nein
da43632cf8fd4944889f7aee6e10f977,"['readini.semantic.abbrev.html', 'countchildren.semantic.single.html', 'codestructure.semantic.normal.html', 'concatlists.syntactic.single.html', 'parsequerystring.syntactic.abbrev.html', 'histogram.syntactic.normal.html']",,"Ob ich Johannes Hofmeister kenne :)
Oder ob man Quelltext schnell lesen und korrigieren kann",
5b2eda05b89a4525b6d212441147e785,"['readini.semantic.abbrev.html', 'countchildren.semantic.normal.html', 'codestructure.semantic.single.html', 'histogram.syntactic.normal.html', 'concatlists.syntactic.single.html', 'parsequerystring.syntactic.abbrev.html']",,Auswirkung von sinnvollen Bezeichnern auf die VerstÃ¤ndlichkeit des Codes.,
63e0ee5b9fb34264accd8fb7091bc7b8,"['codestructure.semantic.abbrev.html', 'countchildren.semantic.single.html', 'readini.semantic.normal.html', 'histogram.syntactic.abbrev.html', 'concatlists.syntactic.normal.html', 'parsequerystring.syntactic.single.html']",,Variablenbezeichungen kurz vs. lesbar,
b7fb4c0597f84a4db660bf30f47943cd,"['countchildren.semantic.normal.html', 'readini.semantic.abbrev.html', 'codestructure.semantic.single.html', 'parsequerystring.syntactic.abbrev.html', 'histogram.syntactic.normal.html', 'concatlists.syntactic.single.html']",,"Wenn die Beispiele komplexer wÃ¤ren, wÃ¼rde ich auf die Reihenfolge tippen, in der Code gelesen wird (analog zu Blickrichtungsmessungen bei Nutzer-Tests fÃ¼r GUIs)",die Bedienung per Tastatur war manchmal hakelig
c2ae0176fa4b4f20bacf872b9795bd6f,"['countchildren.semantic.single.html', 'codestructure.semantic.normal.html', 'readini.semantic.abbrev.html', 'histogram.syntactic.normal.html', 'concatlists.syntactic.abbrev.html', 'parsequerystring.syntactic.single.html']","Hast Du alle Algorithmen in den 3 Abstufungen (ganz kryptische Variablen, halb kryptisch, leserlich) gefertigt und gibst jedem Teilnehmer zufÃ¤llige Kombinationen davon, um den Einfluss der verschiedenen Algorithmen zu vernachlÃ¤ssigen? Bestimmt. Ist cool 8-)",Dein Lieblingsthema: gute Benamsung im code - und der fÃ¶rdert einen schnelleren Ãœberblick.,nein
a40661c57a2643fbb5f2ce0d59c38103,"['histogram.semantic.single.html', 'parsequerystring.semantic.abbrev.html', 'concatlists.semantic.normal.html', 'codestructure.syntactic.single.html', 'countchildren.syntactic.normal.html', 'readini.syntactic.abbrev.html']",,VerstÃ¤ndlichkeit von Semantik im Vergleich zur Syntax,
494bde147af24a6eb791f5499fb5be54,"['histogram.semantic.normal.html', 'concatlists.semantic.single.html', 'parsequerystring.semantic.abbrev.html', 'countchildren.syntactic.abbrev.html', 'readini.syntactic.single.html', 'codestructure.syntactic.normal.html']",,Wie Entwickler den Code lesen und verstehen.,
3f8aa1da75804e0c9ceec0bb3b0f7b33,"['histogram.semantic.abbrev.html', 'parsequerystring.semantic.single.html', 'concatlists.semantic.normal.html', 'codestructure.syntactic.abbrev.html', 'readini.syntactic.single.html', 'countchildren.syntactic.normal.html']",,"Erfassung von Code, welcher mit unterschiedlichen Stilen bezÃ¼glich der Namengebung der Variablen etc. geschrieben wurde?",
0c31c982546a457ba951c6a3f5df6660,"['histogram.semantic.abbrev.html', 'parsequerystring.semantic.normal.html', 'concatlists.semantic.single.html', 'readini.syntactic.single.html', 'codestructure.syntactic.abbrev.html', 'countchildren.syntactic.normal.html']",,"Ob ich im 23 Uhr noch Code lesen kann?

VerhÃ¤ltnis von unterschiedlichen AnsÃ¤tzen Code zu schreiben. D.h. reicht die Kurzform fÃ¼r Variablen etc. oder sind sprechende Texte besser? Was ist sprechend?",nein.
5966681c81e2483e9c54da2564037946,"['concatlists.semantic.single.html', 'histogram.semantic.abbrev.html', 'parsequerystring.semantic.normal.html', 'countchildren.syntactic.abbrev.html', 'codestructure.syntactic.single.html', 'readini.syntactic.normal.html']",,Erkennungsmuster fÃ¼r Fehler; Zusammenhang der Erfahrung mit der Geschwindigkeit der Fehlererkennung,
10589798c7e947a78944002f3027cf3d,"['concatlists.semantic.normal.html', 'histogram.semantic.abbrev.html', 'parsequerystring.semantic.single.html', 'codestructure.syntactic.single.html', 'readini.syntactic.abbrev.html', 'countchildren.syntactic.normal.html']",,Wie leicht Fehler im Code erkannt werden kÃ¶nnen,
32e434cccc3146cf9c3c8b6426298dd2,"['concatlists.semantic.abbrev.html', 'parsequerystring.semantic.single.html', 'histogram.semantic.normal.html', 'countchildren.syntactic.normal.html', 'codestructure.syntactic.single.html', 'readini.syntactic.abbrev.html']",Webseite ist toll gemacht!,Gut gewaehlte Variablennamen machen Code lesbarer.,Nein
0bcad9ad606e44359d059b9deaf9279d,"['concatlists.semantic.abbrev.html', 'histogram.semantic.single.html', 'parsequerystring.semantic.normal.html', 'codestructure.syntactic.normal.html', 'readini.syntactic.abbrev.html', 'countchildren.syntactic.single.html']",,Die Lesbarkeit von Quellcode anhand der Bearbeitungszeit der Aufgaben.,
2e9147c100b74daab26aaedc687ae6e3,"['concatlists.semantic.single.html', 'parsequerystring.semantic.abbrev.html', 'histogram.semantic.normal.html', 'countchildren.syntactic.normal.html', 'readini.syntactic.abbrev.html', 'codestructure.syntactic.single.html']","UnabhÃ¤ngig von dem, was wirklich untersucht wurde, machen diese Aufgaben Spass :)","Erfassen von Sachverhalten, die nicht in Muttersprache und nicht in ""sprechenden"" Termini dargeboten wurden.",nein
28d7363f34294d1f9195cdb4f6ae9d98,"['histogram.semantic.normal.html', 'parsequerystring.semantic.single.html', 'concatlists.semantic.abbrev.html', 'codestructure.syntactic.abbrev.html', 'countchildren.syntactic.normal.html', 'readini.syntactic.single.html']",,Sags mir,
6ba6faa149f04d38a6a9007cf721d10c,"['concatlists.semantic.single.html', 'parsequerystring.semantic.normal.html', 'histogram.semantic.abbrev.html', 'countchildren.syntactic.single.html', 'codestructure.syntactic.abbrev.html', 'readini.syntactic.normal.html']",Beispiele sind doch arg konstruiert.,"Die Art und Weise wie Personen durch Source Code scrollen (auf, ab). Der sichtbare Auschnitt entspricht dabei der durchschnittlichen Anzahl Zeilen, die ein Mensch aufs Mal wahrnehmen kann (fÃ¼r mich wars zu klein).",
dbe68fffb39e446ba383a2c580444872,"['parsequerystring.semantic.abbrev.html', 'histogram.semantic.normal.html', 'concatlists.semantic.single.html', 'readini.syntactic.abbrev.html', 'countchildren.syntactic.normal.html', 'codestructure.syntactic.single.html']",,Z.B. Ob Kommentare gelesen werden und ob diese zum finden von Fehlern als hilfreich betrachtet werden. Ob Code zuerst quer-gelesen wird um Fehler zu finden oder ob linear gearbeitet wird.,Nein.
5cae49dda66846b79b4ac91510f146d4,"['histogram.semantic.single.html', 'parsequerystring.semantic.normal.html', 'concatlists.semantic.abbrev.html', 'codestructure.syntactic.normal.html', 'readini.syntactic.single.html', 'countchildren.syntactic.abbrev.html']",,"Da es, meiner Erfahrung nach, in solchen psychologischen Studien meistens um andere Sachen geht als einem zuerst erzÃ¤hlt wird, bin ich etwas skeptisch. Ich kÃ¶nnte mir denken, dass es darum ging, ob die Angaben auf der ersten Seite (Erfahrung in Jahren etc.) sich mit den gelieferten Ergenissen decken, weil an dieser Stelle gerne gelogen wird.","Bei der EinfÃ¼hrung (Beispiel-Snippet) hat das Popup Ã¼ber der TextBox mit der Zeilennummer den Code verdeckt. Habe erst vergeblich versucht es wegzuklicken bis ich darauf gekommen bin, dass ich auf den ""Weiter""-Button klicken muss."
1f6a1160f7d941cfb72a1245810091ec,"['readini.semantic.normal.html', 'codestructure.semantic.abbrev.html', 'countchildren.semantic.single.html', 'concatlists.syntactic.abbrev.html', 'parsequerystring.syntactic.single.html', 'histogram.syntactic.normal.html']",,"Ob aussagekraeftige Variablennamen die Fehleranalyse erleichtern / beschleunigen, bzw ob man weniger Kommentare lesen muss, wenn Variablen eindeutig bezeichnet sind.",
2fca3f8b6ed24867bdbb6bd798700668,"['countchildren.semantic.abbrev.html', 'readini.semantic.normal.html', 'codestructure.semantic.single.html', 'parsequerystring.syntactic.abbrev.html', 'histogram.syntactic.single.html', 'concatlists.syntactic.normal.html']",Klasse Studie. Bin an den Ergebnissen interessiert!,"Die Vorgehensweise bei der Analyse von Code. Durch den nur kleinen sichtbaren Ausschnitt ist man als Entwickler gezwungen, ihn hin- und herzuschieben, sobald man etwas betrachtet, das nach einer mÃ¶glichen Fehlerquelle aussieht und in Zusammenhang mit einer anderen Zeile Code stehen kÃ¶nnte (wie war die Variable noch einmal deklariert? was genau war noch gleich der Zweck der Methode?...) Durch das Schieben kann in der Studie erkannt werden, wie ein Entwickler Code liest. Ãœbrigens: Der Wechsel von sprechenden hin zu oskuren Variablennamen war pfiffig. Wenn gerade das Beispiel mit a, b, c, d, e, f irgendetwas zeigen sollte, dann doch, dass die Leute vermutlich HIER als erstes einen Fehler gemacht haben (so wie ich... #fail). :)",Nein.
a21c1635c8354afda4c1ec3355ccf1c7,"['codestructure.semantic.normal.html', 'readini.semantic.abbrev.html', 'countchildren.semantic.single.html', 'parsequerystring.syntactic.normal.html', 'histogram.syntactic.single.html', 'concatlists.syntactic.abbrev.html']",,"Einfluss von Namensgebung, Mustererkennung",
d11574130185422aae71a8efd590cef8,"['countchildren.semantic.normal.html', 'readini.semantic.single.html', 'codestructure.semantic.abbrev.html', 'concatlists.syntactic.normal.html', 'parsequerystring.syntactic.single.html', 'histogram.syntactic.abbrev.html']","Cooler Fragebogen mit Space-Taste und Korrektur der fehlerhaften Zeile.
Andere FragebÃ¶gen beschrÃ¤nken sich auf blÃ¶de Fragen wie ""Compiliert dieser Quellcode?"". 
Interessant auch die Mischung aus semantischem und syntaktischem Check.
War mir eine Ehre. Gerne wieder. :-)","Einfluss von Namen auf die VerstÃ¤ndlichkeit von Quellcode?
Aufmerksamkeitsspanne: Wieviele Codezeilen kann man maximal ""im Blick"" haben?
Daraus abgeleitet: Maximale LÃ¤nge von Funktionen, die fÃ¼r einen Programmierer noch beherrschbar ist?",NÃ¶.
13a7c90dc4244362968b8a2b45fd6f4f,"['concatlists.semantic.normal.html', 'histogram.semantic.single.html', 'parsequerystring.semantic.abbrev.html', 'countchildren.syntactic.normal.html', 'readini.syntactic.single.html', 'codestructure.syntactic.abbrev.html']",,Einfluss der Variablenbezeichnungen auf die Lesbarkeit,
c78076ca4f324e20b24e0b321e927075,"['parsequerystring.semantic.single.html', 'concatlists.semantic.normal.html', 'histogram.semantic.abbrev.html', 'countchildren.syntactic.single.html', 'readini.syntactic.abbrev.html', 'codestructure.syntactic.normal.html']",,Wieweit klare Variablennamen bei der Fehlersuche helfen (fÃ¼r den ersten Teil).,
2cf03a38c4c3411b9fb5ab9ebc284abe,"['histogram.semantic.normal.html', 'parsequerystring.semantic.abbrev.html', 'concatlists.semantic.single.html', 'readini.syntactic.normal.html', 'countchildren.syntactic.abbrev.html', 'codestructure.syntactic.single.html']",in den ersten 3 sniptes nen paar knifligere probleme,Leesbarkeit von code,
f1ecc0e6316342f28bc6912466ba9e27,"['histogram.semantic.abbrev.html', 'concatlists.semantic.single.html', 'parsequerystring.semantic.normal.html', 'readini.syntactic.abbrev.html', 'codestructure.syntactic.single.html', 'countchildren.syntactic.normal.html']",Nein,Die Dauer wie lange ich brauche um die Fehler zu finden.,Nein
42efc6bbb5f34d19883b5aba9911fd90,"['codestructure.semantic.abbrev.html', 'countchildren.semantic.normal.html', 'readini.semantic.single.html', 'concatlists.syntactic.normal.html', 'histogram.syntactic.single.html', 'parsequerystring.syntactic.abbrev.html']",Nein,"Die FÃ¤higkeit, Codeausschnitte im Gesamtkontext des Codes bewerten zu kÃ¶nnen; minimale Syntaxabweichungen erkennen zu kÃ¶nnen (fehlendes Semikolon, { statt [); die FÃ¤higkeit, Semantik bei schlecht gewÃ¤hlten Bezeichnern erkennen zu kÃ¶nnen",Nein
6ea962eec5e54bfa961a4bf04f6e7c5d,"['concatlists.semantic.abbrev.html', 'parsequerystring.semantic.normal.html', 'histogram.semantic.single.html', 'countchildren.syntactic.abbrev.html', 'readini.syntactic.normal.html', 'codestructure.syntactic.single.html']",,keine Ahnung :),
c94b600e2e8d4806ad269fa74b182f59,"['parsequerystring.semantic.abbrev.html', 'histogram.semantic.single.html', 'concatlists.semantic.normal.html', 'codestructure.syntactic.abbrev.html', 'countchildren.syntactic.single.html', 'readini.syntactic.normal.html']",,Wie stark mich die (leicht idiotischen) Namen vom eigentlichen Problem ablenken ;-),
591d935ad9de46059fa689bd92c883d0,"['parsequerystring.semantic.normal.html', 'histogram.semantic.single.html', 'concatlists.semantic.abbrev.html', 'readini.syntactic.normal.html', 'countchildren.syntactic.single.html', 'codestructure.syntactic.abbrev.html']",,Wie gut das Gehirn als Compiler funktioniert,"ja, das Tutorial liess sich zunÃ¤chst nicht korrekt abschlieÃŸen"
3a065afdd2764ec0ba20b3116417e688,"['concatlists.semantic.abbrev.html', 'histogram.semantic.normal.html', 'parsequerystring.semantic.single.html', 'readini.syntactic.abbrev.html', 'codestructure.syntactic.normal.html', 'countchildren.syntactic.single.html']",,kp,nein
ac4b21c3cf9645318c244d477ba6410e,"['concatlists.semantic.single.html', 'histogram.semantic.normal.html', 'parsequerystring.semantic.abbrev.html', 'codestructure.syntactic.single.html', 'readini.syntactic.normal.html', 'countchildren.syntactic.abbrev.html']","hat SpaÃŸ gemacht, ich hÃ¤tte gerne mehr fehler gesucht",semantisches VerstÃ¤ndnis von Bezeichnern (mit AbkÃ¼rzungen),
a91c96041fbb48fbbecc47d060a40e03,"['countchildren.semantic.normal.html', 'codestructure.semantic.abbrev.html', 'readini.semantic.single.html', 'parsequerystring.syntactic.normal.html', 'concatlists.syntactic.abbrev.html', 'histogram.syntactic.single.html']","WÃ¤re super, wenn beim space drÃ¼cken in den Code-Beispielen die Textbox fÃ¼r die Zeilennummer direkt im Fokus ist.","k.A., vielleicht wie lange das Hirn im Kontext der erhobenen Daten braucht, um im Rahmen der C-Syntax zum Ergebnis zu kommen. Vielleicht gibt es auch noch Studien mit anderen Sprachen?","Nein, funktioniert gut"
78d76180579d456fa888bd292c4ea93f,"['codestructure.semantic.abbrev.html', 'countchildren.semantic.single.html', 'readini.semantic.normal.html', 'histogram.syntactic.abbrev.html', 'concatlists.syntactic.normal.html', 'parsequerystring.syntactic.single.html']",Teilnahme war interessant und hat SpaÃŸ gemacht. :-),"Code-Lesbarkeit hinsichtlich Struktur, Variablenbenennung, Code-Wahrnehmung und -tracking der Vorgehensweise beim Debugging",nein
d5d903dc95a441f3aebfd25dff447a52,"['histogram.semantic.single.html', 'concatlists.semantic.normal.html', 'parsequerystring.semantic.abbrev.html', 'countchildren.syntactic.normal.html', 'codestructure.syntactic.abbrev.html', 'readini.syntactic.single.html']",Nein,"Wieviel Code sichtbar sein muÃŸ, um noch verstÃ¤ndlich zu sein.",Nein
3369fa42614241faa844e88f364951c4,"['histogram.semantic.abbrev.html', 'parsequerystring.semantic.single.html', 'concatlists.semantic.normal.html', 'codestructure.syntactic.abbrev.html', 'readini.syntactic.single.html', 'countchildren.syntactic.normal.html']",,"VerstÃ¤ndnis des Codes, insofern, dass Fehler gefunden werden kÃ¶nnen, in AbhÃ¤ngigkeit vom Programmierstil.",
38e98cc5d31e4bcebd08c00372b287ad,"['concatlists.semantic.abbrev.html', 'parsequerystring.semantic.single.html', 'histogram.semantic.normal.html', 'countchildren.syntactic.normal.html', 'codestructure.syntactic.single.html', 'readini.syntactic.abbrev.html']","nÃ¶, alles prima. Freue mich schon auf die Auswertung",- wie oft/weit wurde zurÃ¼ck- und wieder vorgescrollt,nein
376ac7af42a34611b862dfef7615392e,"['histogram.semantic.normal.html', 'parsequerystring.semantic.single.html', 'concatlists.semantic.abbrev.html', 'codestructure.syntactic.abbrev.html', 'countchildren.syntactic.normal.html', 'readini.syntactic.single.html']","Ich hÃ¤tte ja gerne ne LÃ¶sung fÃ¼r meine nicht gelÃ¶ste Aufgabe gesehen, so steh ich jetzt einfach nur BlÃ¶d da... Kein schÃ¶nes GefÃ¼hl nach sowas nicht aufgeklÃ¤rt zu werden, zumal es mir ja auch nix bringt, Fehler die nicht korrigiert werden, werden Fehler bleiben.",Die Lesbarkeit unterschiedlichem Codes. Vielleicht notwendig um ein neues CleanCode-Buch herauszubringen.,NÃ¶.
73190a68154f4a0cbe623c9181c0052c,"['codestructure.semantic.single.html', 'countchildren.semantic.abbrev.html', 'readini.semantic.normal.html', 'concatlists.syntactic.abbrev.html', 'histogram.syntactic.normal.html', 'parsequerystring.syntactic.single.html']",,Die Auswirkung auf die Lesbarkeit und das VerstÃ¤ndnis von Quellcode durch aussagekrÃ¤ftige Variablennamen vs. AbkÃ¼rzungen und durch die Vewendung von Englischen Kommentaren statt deutschen.,
5d1bc4e15be84a8095b0ac0ae8cf30aa,"['concatlists.semantic.single.html', 'parsequerystring.semantic.normal.html', 'histogram.semantic.abbrev.html', 'countchildren.syntactic.single.html', 'codestructure.syntactic.abbrev.html', 'readini.syntactic.normal.html']","Bei dem 2. Snippet fehlt die schlieÃŸende geschweifte Klammer am Ende der Funktion.
Bei einem der Snipptes, in welchen man syntakische Fehler finden soll, fehlt eine Zeilennummer.
Bei dem Snippet, in welchem 2 Arrays abwechselnd in ein grÃ¶ÃŸeres Array Ã¼berfÃ¼hrt werden sollen, ist die Index des zu befÃ¼llenden Array 2+f fÃ¼r das jeweils f-te hinzuzufÃ¼gende Element des ersten Array und 2*f+1 fÃ¼r das zweite Array, weshalb eigentlich 2 Fehler in entsprechenden Snippet vorhanden sind.","Wahrnehmung geschriebenen Programmcodes, wie strukturiert lese ich, wie oft springe ich zu bereits Gelesenem zurÃ¼ck.",Keine technischen Probleme
2be7786b9f3c4b6c97e533ac9e666502,"['readini.semantic.abbrev.html', 'countchildren.semantic.normal.html', 'codestructure.semantic.single.html', 'histogram.syntactic.normal.html', 'concatlists.syntactic.single.html', 'parsequerystring.syntactic.abbrev.html']",,ka,
01734d33189a41c18b2a4a882c66bb9f,"['codestructure.semantic.abbrev.html', 'readini.semantic.single.html', 'countchildren.semantic.normal.html', 'histogram.syntactic.single.html', 'parsequerystring.syntactic.abbrev.html', 'concatlists.syntactic.normal.html']",,Leseverhalten,Nein.
97e23cfe7a614a7e87e9e4b05ddccd76,"['countchildren.semantic.single.html', 'codestructure.semantic.normal.html', 'readini.semantic.abbrev.html', 'histogram.syntactic.normal.html', 'concatlists.syntactic.abbrev.html', 'parsequerystring.syntactic.single.html']",,Wie die Herangehensweise von Programmierern an die Fehlersuche ist.,"Ja, wenn ich in den Code zurÃ¼ckgesprungen bin, dann hat das DrÃ¼cken der Leertaste die Ergebniszeile nicht immer dauerhaft herangeholt."
1038a7e9bfff41cb92c4f094cab3bb3a,"['concatlists.semantic.normal.html', 'histogram.semantic.abbrev.html', 'parsequerystring.semantic.single.html', 'codestructure.syntactic.single.html', 'readini.syntactic.abbrev.html', 'countchildren.syntactic.normal.html']",,"Da die Kommentare Ã¼ber dem Quellcode standen, und man den Code und die Kommentare nicht gleichzeitig lesen konnte - die haben ja auf die syntaktische Korrektheit des Codes kein Einfluss - vermute ich das es was mit dem Einfluss der Kommentare auf das VerstÃ¤ndnis des gelesenen Codes zu tun hat.",
3cd7e7f6e7f241acb605deddbb6f82b3,"['histogram.semantic.normal.html', 'parsequerystring.semantic.abbrev.html', 'concatlists.semantic.single.html', 'readini.syntactic.normal.html', 'countchildren.syntactic.abbrev.html', 'codestructure.syntactic.single.html']",,ob ich Ã¼berhaupt c# verstehe :),nope
4f0eae141f904c0ebc219e66e8ea7b53,"['codestructure.semantic.abbrev.html', 'countchildren.semantic.normal.html', 'readini.semantic.single.html', 'concatlists.syntactic.normal.html', 'histogram.syntactic.single.html', 'parsequerystring.syntactic.abbrev.html']",-,Wie leicht man durch die dunkle Seite versucht wird ?,-
bc45040dfdd04ea4913ecb3324a47b29,"['concatlists.semantic.abbrev.html', 'parsequerystring.semantic.normal.html', 'histogram.semantic.single.html', 'countchildren.syntactic.abbrev.html', 'readini.syntactic.normal.html', 'codestructure.syntactic.single.html']",,Die Treffsicherheit mit der Fehler in Quellcode mit verschiedenen Progrmmierstilen gefunden werden.,"Nach dem DrÃ¼cken auf den ""ZurÃ¼ck zum Code""-Button musste die Leertaste gedrÃ¼ckt bleiben und mit der Maus auf das Eingabefeld fÃ¼r die Zeilennummer geklickt werden um dort hin zu kommen (Browser: aktueller Firefox)"
d94a92dbde0d4b9fb3e53eb4f53cbbe1,"['histogram.semantic.single.html', 'concatlists.semantic.normal.html', 'parsequerystring.semantic.abbrev.html', 'countchildren.syntactic.normal.html', 'codestructure.syntactic.abbrev.html', 'readini.syntactic.single.html']",,Unterschiedliche Vorgehensweise zwischen syntaktischer und semantischer Fehlersuche via Eye-Tracking.,
15a39e3185bf4a9a8083efd85a0dd87b,"['histogram.semantic.abbrev.html', 'parsequerystring.semantic.single.html', 'concatlists.semantic.normal.html', 'codestructure.syntactic.abbrev.html', 'readini.syntactic.single.html', 'countchildren.syntactic.normal.html']",,keine Ahnung,
354429b16adf4c07902475fcdc595661,"['concatlists.semantic.abbrev.html', 'parsequerystring.semantic.single.html', 'histogram.semantic.normal.html', 'countchildren.syntactic.normal.html', 'codestructure.syntactic.single.html', 'readini.syntactic.abbrev.html']",,"Wahrscheinlich soll gezeigt werden, dass sprechende Namen fÃ¼r inhaltliche Fehler wichtiger sind als fÃ¼r Syntaxfehler (oder genau dies soll widerlegt werden)",nein
cd7e549273d94c50b2246c64319c82c5,"['readini.semantic.abbrev.html', 'countchildren.semantic.normal.html', 'codestructure.semantic.single.html', 'histogram.syntactic.normal.html', 'concatlists.syntactic.single.html', 'parsequerystring.syntactic.abbrev.html']",,"Ich hab absolut keine Ahnung und auch keine Theorie. Es ging um Code, deswegen war ich interessiert.",
4702cac704844bf7af1408fe988d636c,"['concatlists.semantic.single.html', 'parsequerystring.semantic.normal.html', 'histogram.semantic.abbrev.html', 'countchildren.syntactic.single.html', 'codestructure.syntactic.abbrev.html', 'readini.syntactic.normal.html']","Bitte auch ""Keyboard only"" unterstÃ¼tzen.",Erfahrung <==> FÃ¤higkeit Code zu lesen,"Fokus bei der Eingabe war nicht auf Eingabefeld gesetzt (wenn man Zeilennummer eingeben sollte).
Musste Maus benutzen!!"
31099a59f0db44b4aa90c5e03f8d0365,"['codestructure.semantic.abbrev.html', 'countchildren.semantic.normal.html', 'readini.semantic.single.html', 'concatlists.syntactic.normal.html', 'histogram.syntactic.single.html', 'parsequerystring.syntactic.abbrev.html']","Die ConcatList aufgabe (erste der Syntax Aufgaben) konnte ich selbst mit dem Compiler keinen Fehler finden. Das verwirrte mich.
Die Schnelligkeit von LÃ¶sung von Semantikproblemen aufeinanderfolgend ist sehr schwer zu vergleichen da wir ja wenn wir mal in einer Aufgabe drin sind, besser darin werden. Das Resultat wÃ¼rde mich wunder nehmen, und ob da kein Verzerrtes Bild erscheint, wenn nicht mit einer A-B Testing Methode vorgegangen wird (zufÃ¤llige Reiheinfolge z.B.)

Hat mir spass gemacht.

PS: Damn zum GlÃ¼ck benennen meine Teamkollegen ihre variable nicht so scheisse (a, b, c, h, ...)
PPS: Ich bin doch kein Compiler ;)","Ob Bezeichnungen von Variablen essentiell sind um einen Quellcode schneller zu erfassen (Clean Code), oder was wir besser lÃ¶sen kÃ¶nnen, semantische oder Syntax Probleme.",Nein
a757c193afbc404aae57c2bf0b6ce74e,"['histogram.semantic.abbrev.html', 'parsequerystring.semantic.single.html', 'concatlists.semantic.normal.html', 'codestructure.syntactic.abbrev.html', 'readini.syntactic.single.html', 'countchildren.syntactic.normal.html']",Gerne wÃ¼rde ich von den Resultaten Ã¼ber den Twitteraccount erfahren.,Folgen von ungÃ¼nstiger Variablenbenennung und Dokumentation.,
2032624690e24f458d3a05e0bfa8698c,"['codestructure.semantic.abbrev.html', 'countchildren.semantic.normal.html', 'readini.semantic.single.html', 'concatlists.syntactic.normal.html', 'histogram.syntactic.single.html', 'parsequerystring.syntactic.abbrev.html']",,Wohin schaut ein Entwickler wenn er Code liest. Wie verhÃ¤lt es sich mit Code Kommentare und Lesbarkeit.,
20c2dd965c5a4fe5a4a806b290a143d0,"['codestructure.semantic.abbrev.html', 'countchildren.semantic.single.html', 'readini.semantic.normal.html', 'histogram.syntactic.abbrev.html', 'concatlists.syntactic.normal.html', 'parsequerystring.syntactic.single.html']",Hat SpaÃŸ gemacht.,"Unterschiede in Dauer des VerstÃ¤ndnisses von gut lesbarem Code zu schlecht lesbarem Code (Variablen nur mit einzelnen Buchstaben benannt). Test, ob sich Codelesbarkeit auf reines SyntaxverstÃ¤ndnis auswirkt.",nein
25130c2dbf3d40919a7d70449b5e1d6e,"['histogram.semantic.single.html', 'concatlists.semantic.normal.html', 'parsequerystring.semantic.abbrev.html', 'countchildren.syntactic.normal.html', 'codestructure.syntactic.abbrev.html', 'readini.syntactic.single.html']","Korrektes Ergebnis anzeigen, falls nicht gefunden wurde.",Wieviele nicht C#-Programmierer an dieser an C#-Programmierer Untersuchung teilnehmen ;),nicht mehr ;)
db660a798526421cbcdab7866cbc0bcf,"['histogram.semantic.normal.html', 'parsequerystring.semantic.abbrev.html', 'concatlists.semantic.single.html', 'readini.syntactic.normal.html', 'countchildren.syntactic.abbrev.html', 'codestructure.syntactic.single.html']",,"Lesbarkeit von Code, Benennung von Variablen etc.",
87d3e8a163e34285919a1b27e12a03e3,"['histogram.semantic.normal.html', 'parsequerystring.semantic.single.html', 'concatlists.semantic.abbrev.html', 'codestructure.syntactic.abbrev.html', 'countchildren.syntactic.normal.html', 'readini.syntactic.single.html']",alles ok soweit,"- Welche Teile man vom Code (wie oft) sehen muss, um Fehler erkennen zu kÃ¶nnen
- Wie lange Menschen brauchen, um bestimmte Fehler zu finden
- Welche Art von Kommentaren am geeignetsten sind, um Kommentare verstÃ¤ndlich und lesbar schreiben zu kÃ¶nnen und damit ein mÃ¶glichst breites Spektrum an Programmierern zu erreichen",nÃ¶
37e589025b744f0f874171ed067b334e,"['parsequerystring.semantic.normal.html', 'histogram.semantic.abbrev.html', 'concatlists.semantic.single.html', 'readini.syntactic.single.html', 'codestructure.syntactic.normal.html', 'countchildren.syntactic.abbrev.html']",,ich habe keine Ahnung,
002a3d8dd87348f0afb060be99b9fb98,"['concatlists.semantic.single.html', 'histogram.semantic.abbrev.html', 'parsequerystring.semantic.normal.html', 'countchildren.syntactic.abbrev.html', 'codestructure.syntactic.single.html', 'readini.syntactic.normal.html']",Nein,"Ãœbersichtlichkeit/VerstÃ¤ndlichkeit des Codes, das Befolgen von Anweisungen, Bennenung von Methoden und Variablen, Bereitschaft teilzunehmen, ...",Nein
c672ce9398d04212a5798966870e5dd8,"['parsequerystring.semantic.normal.html', 'histogram.semantic.single.html', 'concatlists.semantic.abbrev.html', 'readini.syntactic.normal.html', 'countchildren.syntactic.single.html', 'codestructure.syntactic.abbrev.html']",,Keine Ahnung :D,"Ja, wenn man mit dem Firefox (38.0.5) auf ""ZurÃ¼ck zum Code"" klickt, kommt man danach durch das DrÃ¼cken auf die Leertaste nicht weiter, ausser man hÃ¤lt die Leertaste gedrÃ¼ckt und klickt in ein Feld rein."
325e27d2d4e14adba9fce8339f728247,"['histogram.semantic.normal.html', 'parsequerystring.semantic.single.html', 'concatlists.semantic.abbrev.html', 'codestructure.syntactic.abbrev.html', 'countchildren.syntactic.normal.html', 'readini.syntactic.single.html']",,"BeeintrÃ¤chtigt hat mich die GrÃ¶ÃŸe des lesbaren Codes. Ich nehme an, dass in dieser Richtung untersucht wurde. Die Lesbarkeit des Codes bei ausgeschriebenen Bezeichnern, AbkÃ¼rzungen und Buchstaben war sicherlich wieder Bestandteil der Untersuchung.",
8abce119b1f04d3c80df62d7ee53eb38,"['parsequerystring.semantic.normal.html', 'histogram.semantic.abbrev.html', 'concatlists.semantic.single.html', 'readini.syntactic.single.html', 'codestructure.syntactic.normal.html', 'countchildren.syntactic.abbrev.html']",,Keine Ahnung,
833fa3166cc847fea5bcb568bdc32226,"['countchildren.semantic.normal.html', 'codestructure.semantic.abbrev.html', 'readini.semantic.single.html', 'parsequerystring.syntactic.normal.html', 'concatlists.syntactic.abbrev.html', 'histogram.syntactic.single.html']",,Eigene EinschÃ¤tzung der ProgrammierfÃ¤higkeiten im VerhÃ¤ltnis zum schnellen Analysieren von Quelltexten.,"Ja, mit Chrome kam ich nicht durch die Einweisung (Scrollen)."
60e3920a39df484c9539862682c3c779,"['histogram.semantic.single.html', 'concatlists.semantic.normal.html', 'parsequerystring.semantic.abbrev.html', 'countchildren.syntactic.normal.html', 'codestructure.syntactic.abbrev.html', 'readini.syntactic.single.html']",,Lesbarkeit von Quellcode,
6998b38b9e9f4c069aaf4999b68014df,"['concatlists.semantic.single.html', 'histogram.semantic.abbrev.html', 'parsequerystring.semantic.normal.html', 'countchildren.syntactic.abbrev.html', 'codestructure.syntactic.single.html', 'readini.syntactic.normal.html']",,Wie verschiedene Personen Code lesen,
8462cc5900c344efb2dd7dabc36a6eec,"['histogram.semantic.normal.html', 'parsequerystring.semantic.single.html', 'concatlists.semantic.abbrev.html', 'codestructure.syntactic.abbrev.html', 'countchildren.syntactic.normal.html', 'readini.syntactic.single.html']","Das war interessant, ich bin an den Ergebnissen interessiert.","Ich denke, dass die Lesbarkeit von Source Code untersucht wurde. Ich kann mir vorstellen, dass unter anderem im Nachhinein ausgewertet wird, wir lange fÃ¼r die Korrekturen benÃ¶tigt wurde und wie oft der Proband dabei zu den Kommentaren navigieren musste. Dies kann man z.B. in VerhÃ¤ltnis zu der Aussagekraft der verwendeten Codebeispiele und Variablen- und Methodennamen setzen.",
837905f2669f4d3d81d1ca47939e8e0f,"['histogram.semantic.normal.html', 'parsequerystring.semantic.single.html', 'concatlists.semantic.abbrev.html', 'codestructure.syntactic.abbrev.html', 'countchildren.syntactic.normal.html', 'readini.syntactic.single.html']",,WIe lange es dauert bis jemand wegen der schlechten CodequalitÃ¤t von alleine aufgibt...,
343d7276559c433db75135cd8057bc03,"['parsequerystring.semantic.normal.html', 'histogram.semantic.abbrev.html', 'concatlists.semantic.single.html', 'readini.syntactic.single.html', 'codestructure.syntactic.normal.html', 'countchildren.syntactic.abbrev.html']",s.o.,Ich denke sie suchen einen Technischen Assistenten ;-),Studie auf Handy nicht bearbeitbar!
a4d27d625ae84572b00e8c7f88a7e23c,"['parsequerystring.semantic.normal.html', 'histogram.semantic.abbrev.html', 'concatlists.semantic.single.html', 'readini.syntactic.single.html', 'codestructure.syntactic.normal.html', 'countchildren.syntactic.abbrev.html']",,Der Einfluss von Lesbarkeit und klarer Namensgebung auf das einfache Verstehen und finden von Fehlern im Code,
